{
  "git-repo_tuto_buzz.git": 0.8923909664154053,
  "git-repo_tuto_fizz.git": 0.8921301364898682
}